EDGE	database	loci	loci_gene_sequential	loci_sequential	details
11	embplant_mt	nad3,rps12	nad3>>rps12>>599	nad3>>rps12>>599	nad3(193-549,embplant_mt)>>rps12(596-914,embplant_mt)>>599
13	embplant_mt	rps12	rps12>>11	rps12>>11	rps12(721-894,embplant_mt)>>11
155	embplant_mt	nad4L	nad4L>>991	nad4L>>991	nad4L(14-316,embplant_mt)>>991
43	embplant_mt	mttB,nad4,rpl2,tatC	nad4>>mttB>>tatC>>rpl2>>991	nad4>>mttB>>tatC>>rpl2>>991	nad4(1-2036,embplant_mt)>>mttB(4115-4908,embplant_mt)>>tatC(4166-4863,embplant_mt)>>rpl2(5103-7756,embplant_mt)>>991
599	embplant_mt	rps12	rps12>>31	rps12>>31	rps12(1-115,embplant_mt)>>31
9	embplant_mt	cox1	cox1	cox1	cox1(902-1298,embplant_mt)
