EDGE	database	loci	loci_gene_sequential	loci_sequential	details
177	embplant_mt	cox1	cox1>>521	cox1>>521	cox1(1-212,embplant_mt)>>521
23	embplant_mt	rps12	rps12>>19	rps12>>19	rps12(1-272,embplant_mt)>>19
25	embplant_mt	cox1	cox1>>177	cox1>>177	cox1(276-575,embplant_mt)>>177
501	embplant_mt	cox1	cox1>>25	cox1>>25	cox1(1-410,embplant_mt)>>25
59	embplant_mt	mttB,nad4,rpl2,tatC	nad4>>mttB>>tatC>>rpl2>>521	nad4>>mttB>>tatC>>rpl2>>521	nad4(759-1219,embplant_mt)>>mttB(3298-4091,embplant_mt)>>tatC(3349-4046,embplant_mt)>>rpl2(4286-6939,embplant_mt)>>521
